<?xml version="1.0" encoding="utf-8"?>
<!--
********************************************************

Codetabellen für mehrsprachiges CDA-CH Stylesheet

History:
2009.12.31: Tony Schaller, medshare GmbH (Abgabe an Auftraggeber)
2010.09.13: Tony Schaller, medshare GmbH (Weitere Übersetzungen)
2010.12.09: Tony Schaller, medshare GmbH (Weitere Übersetzungen, insbesondere infolge der CDA Dokumente für Suva)
2011.09.28: Tony Schaller, medshare GmbH (English translation)
2011.10.01: Tony Schaller, medshare GmbH (Italian translation)
2013.07.24: Tony Schaller, medshare GmbH (Erweiterungen für DMST; CDA-CH-SMCP)
2014.01.22: Tony Schaller, medshare GmbH (Erweiterungen für SOAS; CDA-CH-LRTP)
2014.03.21: Tony Schaller, medshare GmbH (Erweiterungen für DMST; CDA-CH-SMCP)
2015.05.29: Tony Schaller, medshare GmbH (Optimierungen bei der Anzeige von Telefonnummern)
2015.05.29: Tony Schaller, medshare GmbH (Optimierungen bei der Anzeige von ZSR-Nummern)

********************************************************
-->
<localization>
	<text language="de" value="Patient" displayName="Patient"/>
  <text language="fr" value="Patient" displayName="Patient"/>
  <text language="it" value="Patient" displayName="Paziente"/>
  <text language='en' value='Patient' displayName='Patient'/>

  <text language="de" value="Birthday" displayName="Geburtsdatum"/>
	<text language="fr" value="Birthday" displayName="Date de naissance"/>
  <text language="it" value="Birthday" displayName="Data di nascita"/>
  <text language="en" value="Birthday" displayName="Birthday"/>

  <text language="de" value="IDsPatient" displayName="ID Patient"/>
  <text language="fr" value="IDsPatient" displayName="ID patient"/>
  <text language="it" value="IDsPatient" displayName="ID paziente"/>
  <text language="en" value="IDsPatient" displayName="ID patient"/>

  <text language="de" value="Creation" displayName="Erstellt am"/>
	<text language="fr" value="Creation" displayName="Création"/>
  <text language="it" value="Creation" displayName="Redatto"/>
  <text language="en" value="Creation" displayName="Creation"/>

  <text language="de" value="Sex" displayName="Geschlecht"/>
	<text language="fr" value="Sex" displayName="Sexe"/>
  <text language="it" value="Sex" displayName="Sesso"/>
	<text language="en" value="Sex" displayName="Sex"/>

  <text language="de" value="man" displayName="männlich"/>
	<text language="fr" value="man" displayName="masculin"/>
  <text language="it" value="man" displayName="maschile"/>
  <text language="en" value="man" displayName="male"/>

  <text language="de" value="woman" displayName="weiblich"/>
	<text language="fr" value="woman" displayName="féminin"/>
  <text language="it" value="woman" displayName="femminile"/>
  <text language="en" value="woman" displayName="female"/>

  <text language="de" value="unknown" displayName="unbekannt"/>
	<text language="fr" value="unknown" displayName="inconnue"/>
  <text language="it" value="unknown" displayName="sconosciuta"/>
  <text language="en" value="unknown" displayName="unknown"/>

  <text language="de" value="PrimaryReceiver" displayName="Empfänger"/>
	<text language="fr" value="PrimaryReceiver" displayName="Destinataire"/>
  <text language="it" value="PrimaryReceiver" displayName="Destinatario"/>
  <text language="en" value="PrimaryReceiver" displayName="Primary receiver"/>

  <text language="de" value="SecondaryReceiver" displayName="Kopie an"/>
	<text language="fr" value="SecondaryReceiver" displayName="Copie à"/>
  <text language="it" value="SecondaryReceiver" displayName="In copia a"/>
  <text language="en" value="SecondaryReceiver" displayName="Secondary receiver"/>

  <text language="de" value="January" displayName="Januar"/>
	<text language="fr" value="January" displayName="Janvier"/>
  <text language="it" value="January" displayName="Gennaio"/>
  <text language="en" value="January" displayName="January"/>

  <text language="de" value="February" displayName="Februar"/>
	<text language="fr" value="February" displayName="Février"/>
  <text language="it" value="February" displayName="Febbraio"/>
  <text language="en" value="February" displayName="February"/>

  <text language="de" value="March" displayName="März"/>
  <text language="fr" value="March" displayName="Mars"/>
  <text language="it" value="March" displayName="Marzo"/>
  <text language="en" value="March" displayName="March"/>

  <text language="de" value="April" displayName="April"/>
  <text language="fr" value="April" displayName="Avril"/>
  <text language="it" value="April" displayName="Aprile"/>
  <text language="en" value="April" displayName="April"/>

  <text language="de" value="May" displayName="Mai"/>
  <text language="fr" value="May" displayName="Mai"/>
  <text language="it" value="May" displayName="Maggio"/>
  <text language="en" value="May" displayName="May"/>

  <text language="de" value="June" displayName="Juni"/>
  <text language="fr" value="June" displayName="Juin"/>
  <text language="it" value="June" displayName="Giugno"/>
  <text language="en" value="June" displayName="June"/>

  <text language="de" value="July" displayName="Juli"/>
  <text language="fr" value="July" displayName="Juillet"/>
  <text language="it" value="July" displayName="Luglio"/>
  <text language="en" value="July" displayName="July"/>

  <text language="de" value="August" displayName="August"/>
  <text language="fr" value="August" displayName="Août"/>
  <text language="it" value="August" displayName="Agosto"/>
  <text language="en" value="August" displayName="August"/>

  <text language="de" value="September" displayName="September"/>
  <text language="fr" value="September" displayName="Septembre"/>
  <text language="it" value="September" displayName="Settembre"/>
  <text language="en" value="September" displayName="September"/>

  <text language="de" value="October" displayName="Oktober"/>
  <text language="fr" value="October" displayName="Octobre"/>
  <text language="it" value="October" displayName="Ottobre"/>
  <text language="en" value="October" displayName="October"/>

  <text language="de" value="November" displayName="November"/>
	<text language="fr" value="November" displayName="Novembre"/>
  <text language="it" value="November" displayName="Novembre"/>
  <text language="en" value="November" displayName="November"/>

  <text language="de" value="December" displayName="Dezember"/>
	<text language="fr" value="December" displayName="Décembre"/>
  <text language="it" value="December" displayName="Dicembre"/>
  <text language="en" value="December" displayName="December"/>

  <text language="de" value="Holder" displayName="Versicherte/r"/>
	<text language="fr" value="Holder" displayName="Assuré"/>
  <text language="it" value="Holder" displayName="Assicurati"/>
  <text language="en" value="Holder" displayName="Holder"/>

  <text language="de" value="Assurance" displayName="Versicherung"/>
	<text language="fr" value="Assurance" displayName="Assurance"/>
  <text language="it" value="Assurance" displayName="Assicurazione"/>
  <text language="en" value="Assurance" displayName="Assurance"/>

  <text language="de" value="Referrer" displayName="Einweisende Instanz"/>
	<text language="fr" value="Referrer" displayName="tbd Referrer"/>
  <text language="it" value="Referrer" displayName="tbd Referrer"/>
  <text language="en" value="Referrer" displayName="Referrer"/>

  <text language="de" value="OrderPlacer" displayName="Auftraggeber"/>
	<text language="fr" value="OrderPlacer" displayName="tbd Order placer"/>
  <text language="it" value="OrderPlacer" displayName="tbd Order placer"/>
  <text language="en" value="OrderPlacer" displayName="Order placer"/>

  <text language="de" value="Consent" displayName="Einverständniserklärung"/>
	<text language="fr" value="Consent" displayName="Consentement éclairé"/>
  <text language="it" value="Consent" displayName="Dichiarazione di consenso"/>
  <text language="en" value="Consent" displayName="Consent"/>

  <text language="de" value="Custodian" displayName="Verwaltende Organisation"/>
	<text language="fr" value="Custodian" displayName="Organisme de gestion"/>
  <text language="it" value="Custodian" displayName="Organismo di gestione"/>
  <text language="en" value="Custodian" displayName="Custodian"/>

  <text language="de" value="Author" displayName="Autor"/>
	<text language="fr" value="Author" displayName="Auteur"/>
  <text language="it" value="Author" displayName="Autore"/>
  <text language="en" value="Author" displayName="Author"/>

  <text language="de" value="EMPLOYER" displayName="Arbeitgeber"/>
	<text language="fr" value="EMPLOYER" displayName="Employeur"/>
  <text language="it" value="EMPLOYER" displayName="Datore di lavoro"/>
  <text language="en" value="EMPLOYER" displayName="Employer"/>

  <text language="de" value="theDate" displayName="am"/>
	<text language="fr" value="theDate" displayName="le"/>
  <text language="it" value="theDate" displayName="il"/>
  <text language="en" value="theDate" displayName="on"/>

  <text language="de" value="Informer" displayName="Informiert"/>
	<text language="fr" value="Informer" displayName="Informé"/>
  <text language="it" value="Informer" displayName="Informati"/>
  <text language="en" value="Informer" displayName="Informer"/>

  <text language="de" value="Authenticator" displayName="Unterzeichner"/>
  <text language="fr" value="Authenticator" displayName="Signé"/>
  <text language="it" value="Authenticator" displayName="Firmato"/>
  <text language="en" value="Authenticator" displayName="Authenticator"/>

  <text language="de" value="LegalAuthenticator" displayName="Rechtsgültiger Unterzeichner"/>
  <text language="fr" value="LegalAuthenticator" displayName="Légal signataires"/>
  <text language="it" value="LegalAuthenticator" displayName="Efficace legge firmato"/>
  <text language="en" value="LegalAuthenticator" displayName="Legal authenticator"/>

  <text language="de" value="DataEnterer" displayName="Erfasst durch"/>
  <text language="fr" value="DataEnterer" displayName="Saisie par"/>
  <text language="it" value="DataEnterer" displayName="Registrati da"/>
  <text language="en" value="DataEnterer" displayName="Data enterer"/>

  <text language="de" value="Tel" displayName="Tel"/>
	<text language="fr" value="Tel" displayName="Tél"/>
  <text language="it" value="Tel" displayName="Tel"/>
  <text language="en" value="Tel" displayName="Tel"/>

  <text language="de" value="Fax" displayName="Fax"/>
	<text language="fr" value="Fax" displayName="Fax"/>
  <text language="it" value="Fax" displayName="Fax"/>
  <text language="en" value="Fax" displayName="Fax"/>

  <text language="de" value="Mail" displayName="Mail"/>
	<text language="fr" value="Mail" displayName="Mail"/>
  <text language="it" value="Mail" displayName="Mail"/>
  <text language="en" value="Mail" displayName="Mail"/>

  <text language="de" value="Web" displayName="Web"/>
  <text language="fr" value="Web" displayName="Web"/>
  <text language="it" value="Web" displayName="Web"/>
  <text language="en" value="Web" displayName="Web"/>

  <text language="de" value="home" displayName="privat"/>
  <text language="fr" value="home" displayName="privé"/>
  <text language="it" value="home" displayName="casa"/>
  <text language="en" value="home" displayName="HP"/>

  <text language="de" value="mobile" displayName="mobil"/>
  <text language="fr" value="mobile" displayName="mobile"/>
  <text language="it" value="mobile" displayName="mobile"/>
  <text language="en" value="mobile" displayName="MC"/>

  <text language="de" value="workplace" displayName="Geschäft"/>
  <text language="fr" value="workplace" displayName="travail"/>
  <text language="it" value="workplace" displayName="ufficio"/>
  <text language="en" value="workplace" displayName="WP"/>

  <text language="de" value="Company" displayName="Betrieb"/>
  <text language="fr" value="Company" displayName="Entreprise"/>
  <text language="it" value="Company" displayName="Azienda"/>
  <text language="en" value="Company" displayName="Company"/>

  <text language="de" value="Address" displayName="Adresse"/>
  <text language="fr" value="Address" displayName="Adresse"/>
  <text language="it" value="Address" displayName="Indirizzo"/>
  <text language="en" value="Address" displayName="Address"/>

  <text language="de" value="Contact" displayName="Kontakt"/>
  <text language="fr" value="Contact" displayName="Contact"/>
  <text language="it" value="Contact" displayName="Contatto"/>
  <text language="en" value="Contact" displayName="Contact"/>

  <text language="de" value="PatientContacts" displayName="Patientenkontakte"/>
  <text language="fr" value="PatientContacts" displayName="Contacts du patient"/>
  <text language="it" value="PatientContacts" displayName="tbd it PatientContacts"/>
  <text language="en" value="PatientContacts" displayName="Patient contacts"/>

  <text language="de" value="PatientContact" displayName="Angehörige"/>
  <text language="fr" value="PatientContact" displayName="Relatif"/>
  <text language="it" value="PatientContact" displayName="tbd it PatientContact"/>
  <text language="en" value="PatientContact" displayName="Patient contact"/>

  <text language="de" value="HL7.ch" displayName="HL7 Benutzergruppe Schweiz"/>
  <text language="fr" value="HL7.ch" displayName="Groupe d'utilisateurs HL7 Suisse"/>
  <text language="it" value="HL7.ch" displayName="Gruppo utenti svizzeri HL7"/>
  <text language="en" value="HL7.ch" displayName="HL7 affiliate Switzerland"/>

  <text language="de" value="CustNo" displayName="Numero cliente"/>
  <text language="fr" value="CustNo" displayName="Numéro client"/>
  <text language="it" value="CustNo" displayName="Numero cliente"/>
  <text language="en" value="CustNo" displayName="Customer No."/>

  <text language="de" value="2.16.756.5.31" displayName="Alte AHV Nr"/>
  <text language="fr" value="2.16.756.5.31" displayName="No AVS ancien"/>
  <text language="it" value="2.16.756.5.31" displayName="Vecchio n. AVS"/>
  <text language="en" value="2.16.756.5.31" displayName="Old Swiss SSN"/>

  <text language="de" value="2.16.756.5.32" displayName="Neue AHV Nr"/>
  <text language="fr" value="2.16.756.5.32" displayName="No AVS nouveau"/>
  <text language="it" value="2.16.756.5.32" displayName="Nuovo n. AVS"/>
  <text language="en" value="2.16.756.5.32" displayName="New Swiss SSN"/>

  <text language="de" value="2.16.756.5.30.1.100.3.1.1" displayName="Suva numero claim"/>
  <text language="fr" value="2.16.756.5.30.1.100.3.1.1" displayName="Numéro de sinistre Suva"/>
  <text language="it" value="2.16.756.5.30.1.100.3.1.1" displayName="Numero claim Suva"/>
  <text language="en" value="2.16.756.5.30.1.100.3.1.1" displayName="Suva claim No."/>
  
  <text language="de" value="2.16.756.5.30.1.100.3.7.1" displayName="Suva Numero cliente"/>
  <text language="fr" value="2.16.756.5.30.1.100.3.7.1" displayName="Numéro client Suva"/>
  <text language="it" value="2.16.756.5.30.1.100.3.7.1" displayName="Numero cliente Suva"/>
  <text language="en" value="2.16.756.5.30.1.100.3.7.1" displayName="Suva customer No."/>

  <text language="de" value="1.3.88" displayName="GS1 GLN"/>
  <text language="fr" value="1.3.88" displayName="GS1 GLN"/>
  <text language="it" value="1.3.88" displayName="GS1 GLN"/>
  <text language="en" value="1.3.88" displayName="GS1 GLN"/>

  <text language="de" value="2.16.756.5.30.1.123.100.2.1.1" displayName="ZSR-Nummer"/>
  <text language="fr" value="2.16.756.5.30.1.123.100.2.1.1" displayName="n° RCC"/>
  <text language="it" value="2.16.756.5.30.1.123.100.2.1.1" displayName="n° RCC"/>
  <text language="en" value="2.16.756.5.30.1.123.100.2.1.1" displayName="ZSR number"/>

	<!-- deprecated -->
  <text language="de" value="2.16.756.5.34" displayName="Versichertenkarte"/>
	<text language="fr" value="2.16.756.5.34" displayName="Carte d’assuré"/>
  <text language="it" value="2.16.756.5.34" displayName="Carta di assicurazione"/>
  <text language="en" value="2.16.756.5.34" displayName="Insurance card"/>
  <!-- end of deprecated -->
  
  <text language="de" value="2.16.756.5.30.1.123.100.1.1.1" displayName="Versichertenkarte"/>
	<text language="fr" value="2.16.756.5.30.1.123.100.1.1.1" displayName="Carte d’assuré"/>
  <text language="it" value="2.16.756.5.30.1.123.100.1.1.1" displayName="Carta di assicurazione"/>
  <text language="en" value="2.16.756.5.30.1.123.100.1.1.1" displayName="Insurance card"/>

  <text language="de" value="2.16.756.5.30.1.1.2" displayName="Versichertennummer"/>
	<text language="fr" value="2.16.756.5.30.1.1.2" displayName="Numéro d’assuré"/>
  <text language="it" value="2.16.756.5.30.1.1.2" displayName="Numero di assicurazione"/>
  <text language="en" value="2.16.756.5.30.1.1.2" displayName="Insurance number"/>
  
  <text language="de" value="2.16.756.5.48.1.1.4.1" displayName="ARCOS-Nr."/>
	<text language="fr" value="2.16.756.5.48.1.1.4.1" displayName="Numéro ARCOS"/>
  <text language="it" value="2.16.756.5.48.1.1.4.1" displayName="Numero ARCOS"/>
  <text language="en" value="2.16.756.5.48.1.1.4.1" displayName="ARCOS number"/>
  
  <text language="de" value="2.16.756.5.30.1.129.1.1.1" displayName="SOAS-ID"/>
	<text language="fr" value="2.16.756.5.30.1.129.1.1.1" displayName="SOAS-ID"/>
  <text language="it" value="2.16.756.5.30.1.129.1.1.1" displayName="SOAS-ID"/>
  <text language="en" value="2.16.756.5.30.1.129.1.1.1" displayName="SOAS-ID"/>
  
  <text language="de" value="EmergencyContacts" displayName="Kontaktadressen für den Notfall"/>
  <text language="fr" value="EmergencyContacts" displayName="tbd fr 'EmergencyContacts'"/>
  <text language="it" value="EmergencyContacts" displayName="tbd it 'EmergencyContacts'"/>
  <text language="en" value="EmergencyContacts" displayName="Emergency contacts"/>

  <text language="de" value="EmergencyContact" displayName="Kontaktadresse für den Notfall"/>
  <text language="fr" value="EmergencyContact" displayName="Contact en cas d'urgence"/>
  <text language="it" value="EmergencyContact" displayName="tbd it 'EmergencyContact'"/>
  <text language="en" value="EmergencyContact" displayName="Emergency contact"/>

  <text language="de" value="CaregiverContact" displayName="Medizinische Kontaktperson"/>
  <text language="fr" value="CaregiverContact" displayName="Contact médical"/>
  <text language="it" value="CaregiverContact" displayName="tbd it 'CaregiverContact'"/>
  <text language="en" value="CaregiverContact" displayName="Caregiver contact"/>

  <text language="de" value="IndirectContact" displayName="Weiterer Kontakt"/>
  <text language="fr" value="IndirectContact" displayName="Autre contact"/>
  <text language="it" value="IndirectContact" displayName="tbd it 'IndirectContact'"/>
  <text language="en" value="IndirectContact" displayName="Indirect contact"/>
  
  <text language="de" value="CoveringParty" displayName="Versicherungsdeckung"/>
  <text language="fr" value="CoveringParty" displayName="Couverture d'assurance"/>
  <text language="it" value="CoveringParty" displayName="tbd it 'CoveringParty'"/>
  <text language="en" value="CoveringParty" displayName="Covering Party"/>

  <text language="de" value="Coverage" displayName="Versicherungsschutz"/>
  <text language="fr" value="Coverage" displayName="Couverture d'assurance"/>
  <text language="it" value="Coverage" displayName="tbd it 'Coverage'"/>
  <text language="en" value="Coverage" displayName="Coverage"/>

  <text language="de" value="PolicyHolder" displayName="Versicherungsnehmer"/>
  <text language="fr" value="PolicyHolder" displayName="Titulaire du contrat"/>
  <text language="it" value="PolicyHolder" displayName="tbd it 'PolicyHolder'"/>
  <text language="en" value="PolicyHolder" displayName="Policy Holder"/>

  <text language="de" value="Provider" displayName="Leistungserbringer"/>
  <text language="fr" value="Provider" displayName="Prestateur"/>
  <text language="it" value="Provider" displayName="tbd it 'Provider'"/>
  <text language="en" value="Provider" displayName="Provider"/>

  <text language="de" value="Claim" displayName="Abrechnung"/>
  <text language="fr" value="Claim" displayName="Comptabilité"/>
  <text language="it" value="Claim" displayName="tbd it 'Claim'"/>
  <text language="en" value="Claim" displayName="Accounting"/>

  <text language="de" value="ParticipantType" displayName="Art des Kontakts"/>
  <text language="fr" value="ParticipantType" displayName="Type de contact"/>
  <text language="it" value="ParticipantType" displayName="tbd it 'ParticipantType'"/>
  <text language="en" value="ParticipantType" displayName="Participant Type"/>
  
  <text language="de" value="AssociatedEntityType" displayName="Art der Beziehung"/>
  <text language="fr" value="AssociatedEntityType" displayName="Type de la relation"/>
  <text language="it" value="AssociatedEntityType" displayName="tbd it 'AssociatedEntityType'"/>
  <text language="en" value="AssociatedEntityType" displayName="Relation type"/>
  
  <text language="de" value="AssociatedEntityRole" displayName="Rolle"/>
  <text language="fr" value="AssociatedEntityRole" displayName="Rôle"/>
  <text language="it" value="AssociatedEntityRole" displayName="tbd it 'AssociatedEntityRole'"/>
  <text language="en" value="AssociatedEntityRole" displayName="Role"/>
  
  <text language="de" value="Organisation" displayName="Organisation"/>
  <text language="fr" value="Organisation" displayName="tbd fr 'Organisation'"/>
  <text language="it" value="Organisation" displayName="tbd it 'Organisation'"/>
  <text language="en" value="Organisation" displayName="Organisation"/>

  <text language="de" value="Name" displayName="Name"/>
  <text language="fr" value="Name" displayName="Nom"/>
  <text language="it" value="Name" displayName="tbd it 'Name'"/>
  <text language="en" value="Name" displayName="Name"/>

  <text language="de" value="FTH" displayName="Vatter"/>
  <text language="fr" value="FTH" displayName="Père"/>
  <text language="it" value="FTH" displayName="tbd it 'FTH'"/>
  <text language="en" value="FTH" displayName="Father"/>

  <text language="de" value="MTH" displayName="Mutter"/>
  <text language="fr" value="MTH" displayName="Mère"/>
  <text language="it" value="MTH" displayName="tbd it 'MTH'"/>
  <text language="en" value="MTH" displayName="Mother"/>

  <text language="de" value="DAUC" displayName="Tochter"/>
  <text language="fr" value="DAUC" displayName="Fille"/>
  <text language="it" value="DAUC" displayName="tbd it 'DAUC'"/>
  <text language="en" value="DAUC" displayName="Daughter"/>

  <text language="de" value="GUARD" displayName="Vertreter"/>
  <text language="fr" value="GUARD" displayName="Représentant"/>
  <text language="it" value="GUARD" displayName="tbd it 'GUARD'"/>
  <text language="en" value="GUARD" displayName="Guardian"/>

  <text language="de" value="832.10" displayName="KVG"/>
  <text language="fr" value="832.10" displayName="LAMal"/>
  <text language="it" value="832.10" displayName="LAMal"/>
  <text language="en" value="832.10" displayName="tbd en '832.10'"/>

  <text language="de" value="832.20" displayName="UVG"/>
  <text language="fr" value="832.20" displayName="LAA"/>
  <text language="it" value="832.20" displayName="LAINF"/>
  <text language="en" value="832.20" displayName="tbd en '832.20'"/>

  <text language="de" value="221.229.1" displayName="VVG"/>
  <text language="fr" value="221.229.1" displayName="LCA"/>
  <text language="it" value="221.229.1" displayName="LCA"/>
  <text language="en" value="221.229.1" displayName="tbd en '221.229.1'"/>

  <text language="de" value="833.1" displayName="MVG"/>
  <text language="fr" value="833.1" displayName="LAM"/>
  <text language="it" value="833.1" displayName="LAM"/>
  <text language="en" value="833.1" displayName="tbd en '833.1'"/>

  <text language="de" value="831.20" displayName="IVG"/>
  <text language="fr" value="831.20" displayName="LAI"/>
  <text language="it" value="831.20" displayName="LAI"/>
  <text language="en" value="831.20" displayName="tbd en '831.20'"/>

  <text language="de" value="MaritalStatus" displayName="Zivilstand"/>
	<text language="fr" value="MaritalStatus" displayName="Etat civil"/>
  <text language="it" value="MaritalStatus" displayName="tbd it: 'MaritalStatus'"/>
	<text language="en" value="MaritalStatus" displayName="Marital status"/>

  <text language="de" value="Religion" displayName="Religion"/>
	<text language="fr" value="Religion" displayName="Religion"/>
  <text language="it" value="Religion" displayName="tbd it: 'Religion'"/>
	<text language="en" value="Religion" displayName="Religion"/>

  <text language="de" value="MaritalStatusAnnulled" displayName="Aufgelöste Partnerschaft"/>
	<text language="fr" value="MaritalStatusAnnulled" displayName="Partenariat dissous"/>
  <text language="it" value="MaritalStatusAnnulled" displayName="tbd it: 'Annulled'"/>
	<text language="en" value="MaritalStatusAnnulled" displayName="Annulled"/>

  <text language="de" value="MaritalStatusDivorced" displayName="Geschieden"/>
	<text language="fr" value="MaritalStatusDivorced" displayName="Divorcé"/>
  <text language="it" value="MaritalStatusDivorced" displayName="tbd it: 'Divorced'"/>
	<text language="en" value="MaritalStatusDivorced" displayName="Divorced"/>

  <text language="de" value="MaritalStatusDomesticPartner" displayName="Eingetragene Partnerschaft"/>
	<text language="fr" value="MaritalStatusDomesticPartner" displayName="Partenariat enregistré"/>
  <text language="it" value="MaritalStatusDomesticPartner" displayName="tbd it: 'DomesticPartner'"/>
	<text language="en" value="MaritalStatusDomesticPartner" displayName="Domestic partner"/>

  <text language="de" value="MaritalStatusLegallySeparated" displayName="Getrennt"/>
	<text language="fr" value="MaritalStatusLegallySeparated" displayName="Séparé"/>
  <text language="it" value="MaritalStatusLegallySeparated" displayName="tbd it: 'LegallySeparated'"/>
	<text language="en" value="MaritalStatusLegallySeparated" displayName="Legally separated"/>

  <text language="de" value="MaritalStatusMarried" displayName="Verheiratet"/>
	<text language="fr" value="MaritalStatusMarried" displayName="Marié"/>
  <text language="it" value="MaritalStatusMarried" displayName="tbd it: 'Married'"/>
	<text language="en" value="MaritalStatusMarried" displayName="Married"/>

  <text language="de" value="MaritalStatusNeverMarried" displayName="Ledig"/>
	<text language="fr" value="MaritalStatusNeverMarried" displayName="Célibataire"/>
  <text language="it" value="MaritalStatusNeverMarried" displayName="tbd it: 'NeverMarried'"/>
	<text language="en" value="MaritalStatusNeverMarried" displayName="Never married"/>

  <text language="de" value="MaritalStatusPolygamous" displayName="Polygam"/>
	<text language="fr" value="MaritalStatusPolygamous" displayName="Polygame"/>
  <text language="it" value="MaritalStatusPolygamous" displayName="tbd it: 'Polygamous'"/>
	<text language="en" value="MaritalStatusPolygamous" displayName="Polygamous"/>

  <text language="de" value="MaritalStatusWidowed" displayName="Verwitwet"/>
	<text language="fr" value="MaritalStatusWidowed" displayName="Veuf"/>
  <text language="it" value="MaritalStatusWidowed" displayName="tbd it: 'Widowed'"/>
	<text language="en" value="MaritalStatusWidowed" displayName="Widowed"/>

	<!--
  <text language="de" value="" displayName=""/>
	<text language="fr" value="" displayName=""/>
  <text language="it" value="" displayName="tbd it: ''"/>
	<text language="en" value="" displayName=""/>

  <text language="de" value="" displayName=""/>
	<text language="fr" value="" displayName=""/>
  <text language="it" value="" displayName="tbd it: ''"/>
	<text language="en" value="" displayName=""/>
	-->




  <!-- 
  ********************************************************************************
  Schematron ducumentation
  ********************************************************************************
  -->

  <text language='de_ch' value='Entity' displayName='Entity'/>
  <text language='fr_ch' value='Entity' displayName='Entity'/>
  <text language='it_ch' value='Entity' displayName='Entity'/>
  <text language='en' value='Entity' displayName='Entity'/>

  <text language='de_ch' value='File' displayName='Dateiname'/>
  <text language='fr_ch' value='File' displayName='Fichier'/>
  <text language='it_ch' value='File' displayName='File'/>
  <text language='en' value='File' displayName='File'/>
  
  <text language='de_ch' value='Version' displayName='Version'/>
  <text language='fr_ch' value='Version' displayName='Version'/>
  <text language='it_ch' value='Version' displayName='Versione'/>
  <text language='en' value='Version' displayName='Version'/>

  <text language='de_ch' value='Rule' displayName='Regel'/>
  <text language='fr_ch' value='Rule' displayName='Règle'/>
  <text language='it_ch' value='Rule' displayName='Regola'/>
  <text language='en' value='Rule' displayName='Rule'/>

  <text language='de_ch' value='Assert' displayName='Assert'/>
  <text language='fr_ch' value='Assert' displayName='Assert'/>
  <text language='it_ch' value='Assert' displayName='Assert'/>
  <text language='en' value='Assert' displayName='Assert'/>

  <text language='de_ch' value='Role' displayName='Kategorie'/>
  <text language='fr_ch' value='Role' displayName='Catégorie'/>
  <text language='it_ch' value='Role' displayName='Categoria'/>
  <text language='en' value='Role' displayName='Role'/>

  <text language='de_ch' value='Test' displayName='Test'/>
  <text language='fr_ch' value='Test' displayName='Test'/>
  <text language='it_ch' value='Test' displayName='Test'/>
  <text language='en' value='Test' displayName='Test'/>

  <text language='de_ch' value='Description' displayName='Beschreibung'/>
  <text language='fr_ch' value='Description' displayName='Description'/>
  <text language='it_ch' value='Description' displayName='Descrizione'/>
  <text language='en' value='Description' displayName='Description'/>
  
  <text language='de_ch' value='error' displayName='Fehler'/>
  <text language='fr_ch' value='error' displayName='Erreur'/>
  <text language='it_ch' value='error' displayName='Errore'/>
  <text language='en' value='error' displayName='Error'/>

  <text language='de_ch' value='warning' displayName='Warnung'/>
  <text language='fr_ch' value='warning' displayName='Alerte'/>
  <text language='it_ch' value='warning' displayName='Allarme'/>
  <text language='en' value='warning' displayName='Warning'/>

  <text language='de_ch' value='information' displayName='Information'/>
  <text language='fr_ch' value='information' displayName='Information'/>
  <text language='it_ch' value='information' displayName='Informazione'/>
  <text language='en' value='information' displayName='Information'/>
  
</localization>