<?xml version="1.0" encoding="utf-8"?>
<!-- 
********************************************************
Fallbeispiel "Auffahrunfall" CDA-CH-II
Dokumentationsbogen für Erstkonsultation nach kranio-zervikalem Beschleunigungstrauma
http://www.svv.ch/de/medizin/formulare/dokumentationsbogen-fuer-erstkonsultation-nach-kranio-zervikalem-beschleunigungstr

History:
12.05.2010: Tony Schaller, medshare GmbH (aus Input Storyboard HL7 CDA-CH-II)
17.05.2010: Tony Schaller, medshare GmbH (Einfügen finaler OIDs)
20.05.2010: Tony Schaller, medshare GmbH (Korrektur, damit Dokument mit Eclipse CDA Instance Validator korrekt validiert)
30.09.2011: Tony Schaller, medshare GmbH (Korrekturen, welche durch die englische Übersetzung aufgefallen sind)

********************************************************
-->
<?xml-stylesheet type='text/xsl' href='../stylesheets/cda-ch.xsl'?>
<?xml-stylesheet type='text/css' href='../../../../projects/SVV/de-KZBT/v20090208/svv.css'?>
<ClinicalDocument xsi:schemaLocation="urn:hl7-org:v3 CDA.xsd" xmlns="urn:hl7-org:v3" xmlns:voc="urn:hl7-org:v3/voc" xmlns:xsi="http://www.w3.org/2001/XMLSchema-instance">
  <typeId extension="POCD_HD000040" root="2.16.840.1.113883.1.3"/>
  <templateId extension="erstdokubogen-kzbt" root="2.16.756.5.30.1.110.2.1.1" />
  <id extension="A9BFE245-FA3E-40B1-BFBC-E1406205C56E" root="2.16.756.5.30.1.1.1.1"/>
  <code code="51848-0" codeSystem="2.16.840.1.113883.6.1" displayName="Assessment note"/>
  <title>Dokumentationsbogen für Erstkonsultation nach kranio-zervikalem Beschleunigungstrauma</title>
  <effectiveTime value="20100201173000"/>
  <confidentialityCode code="N" codeSystem="2.16.840.1.113883.5.25"/>
  <languageCode code="de-CH"/>
  <setId extension="A9BFE245-FA3E-40B1-BFBC-E1406205C56E" root="2.16.756.5.30.1.1.1.1"/>
  <versionNumber value="1"/>
  <recordTarget>
    <patientRole>
      <id extension="8.79462.08.1" root="2.16.756.5.30.1.100.3.1.1"/>
      <!-- Suva OID für Schaden-Nr -->
      <id extension="123.73.423.123" root="2.16.756.5.31"/>
      <!-- OID für alte AHV-Nr -->
      <addr use="HP">
        <streetName>Leidensweg</streetName>
        <houseNumber>10</houseNumber>
        <postalCode>9876</postalCode>
        <city>Specimendorf</city>
      </addr>
      <telecom use="HP" value="tel:+41.32.685.12.34"/>
      <telecom use="PUB" value="tel:+41.32.123.77.88"/>
      <patient>
        <name>
          <given>Max</given>
          <family>Muster</family>
        </name>
        <administrativeGenderCode code="M" codeSystem="2.16.840.1.113883.5.1"/>
        <birthTime value="19480611"/>
        <maritalStatusCode code="M" codeSystem="2.16.840.1.113883.5.2"/>
      </patient>
			<providerOrganization>
				<id extension="7605555555555" root="1.3.88"/>
				<name>Kantonales Spital, Klinik für Chirurgie und Orthopädie</name>
			</providerOrganization>
    </patientRole>
  </recordTarget>
  <author>
    <functionCode code="ATTPHYS" codeSystem="2.16.756.5.30.2.1.1.1"/>
    <time value="20100201173000"/>
    <assignedAuthor>
			<id extension="7605555555555" root="1.3.88"/>
			<addr use="WP">
				<streetName>Spitalstr.</streetName>
				<houseNumber>23</houseNumber>
				<postalCode>8888</postalCode>
				<city>Musterhausen</city>
			</addr>
			<telecom use="PUB" value="tel:+41.32.211.11.11"/>
			<telecom use="PUB" value="fax:+41.32.211.11.54"/>
			<telecom use="PUB" value="http:www.kantonales-spital.ch"/>
			<assignedPerson>
				<name>
					<prefix>Dr. med.</prefix>
					<given>E.</given>
					<family>Mergency</family>
					<suffix>Assistenzarzt</suffix>
				</name>
			</assignedPerson>
			<representedOrganization>
				<name>Kantonales Spital, Klinik für Chirurgie</name>
				<addr use="WP">
					<streetName>Spitalstr.</streetName>
					<houseNumber>23</houseNumber>
					<postalCode>8888</postalCode>
					<city>Musterhausen</city>
				</addr>
			</representedOrganization>
    </assignedAuthor>
  </author>
  <custodian>
    <assignedCustodian>
			<representedCustodianOrganization>
				<id extension="7605555555555" root="1.3.88"/>
				<name>Kantonales Spital</name>
				<addr use="WP">
					<streetName>Spitalstr.</streetName>
					<houseNumber>23</houseNumber>
					<postalCode>8888</postalCode>
					<city>Musterhausen</city>
				</addr>
			</representedCustodianOrganization>
    </assignedCustodian>
  </custodian>
  <informationRecipient typeCode="PRCP">
    <intendedRecipient>
			<id extension="A99" root="2.16.756.5.30.1.100.1.2.3"/> 
      <informationRecipient>
        <name>Suva Agentur Musterhausen</name>
      </informationRecipient>
      <receivedOrganization>
        <addr use="WP">
          <streetAddressLine>Rainweg 53</streetAddressLine>
          <postalCode>8888</postalCode>
          <city>Musterhausen</city>
        </addr>
      </receivedOrganization>
    </intendedRecipient>
  </informationRecipient>
  <legalAuthenticator>
    <time value="20100201173000"/>
    <signatureCode code="S"/>
    <assignedEntity>
			<id extension="7605555555555" root="1.3.88"/>
			<assignedPerson>
				<name>
					<prefix>Dr. med.</prefix>
					<given>E.</given>
					<family>Mergency</family>
					<suffix>Assistenzarzt</suffix>
				</name>
			</assignedPerson>
    </assignedEntity>
  </legalAuthenticator>
  <component>
    <structuredBody>
      <component>
        <section>
					<templateId root="2.16.756.5.30.1.110.2.1.1" extension="SVV.KZBT.SchadenInfo"/>
          <title>Schadeninformationen</title>
          <text>
            <table>
              <tbody>
                <tr>
                  <td><content styleCode="Bold">Unfallzeitpunkt</content></td>
                  <td>01.02.2010 14:30</td>
                </tr>
                <tr>
                  <td><content styleCode="Bold">Erstbehandlung</content></td>
                  <td>01.02.2010 15:30</td>
                </tr>
                <tr>
                  <td><content styleCode="Bold">Einweisung per Ambulanz</content></td>
                  <td>Nein</td>
                </tr>
                <tr>
                  <td><content styleCode="Bold">Weiterbehandlung bei</content></td>
                  <td>Dr. A. Bereit, 8888 Musterhausen</td>
                </tr>
              </tbody>
            </table>
          </text>
					<entry>
						<!-- SVV Observation Template: Schadeninformationen -->
						<observation classCode="OBS" moodCode="EVN">
							<templateId root="2.16.756.5.30.1.110.2.1.1" extension="SVV.KZBT.SchadenInfoL3"/>
							<!-- Schadennummer(n) -->
							<id extension="8.79462.08.1" root="2.16.756.5.30.1.100.3.1.1"/>
							<!-- Anmeldeart -->
							<code nullFlavor='NA'/>
							<!-- Schadendatum -->
							<effectiveTime value="20100201143000"/>
						</observation>
					</entry>
					<entry>
						<!-- SVV Encounter Template: Erstbehandlung -->
						<encounter classCode="ENC" moodCode="EVN">
							<templateId root="2.16.756.5.30.1.110.2.1.1" extension="SVV.KZBT.ErstbehandlungL3"/>
							<code nullFlavor='NA'/>
							<!-- Datum und evtl. Zeit der Erstbehandlung -->
							<effectiveTime value="20100201153000"/>
							<!-- Erstbehandlung durch ausfüllenden Arzt -->
							<performer>
								<assignedEntity>
									<id extension="7605555555555" root="1.3.88"/>
									<assignedPerson>
										<name>
											<prefix>Dr. med.</prefix>
											<given>E.</given>
											<family>Mergency</family>
											<suffix>Assistenzarzt</suffix>
										</name>
									</assignedPerson>
								</assignedEntity>
							</performer>
						</encounter>
					</entry>
					<entry>
						<observation classCode="COND" moodCode="EVN">
							<templateId root="2.16.756.5.30.1.110.2.1.1" extension="SVV.KZBT.AmbulanzL3"/>
							<code code="N" codeSystem="2.16.756.5.30.2.1.1.3.1"/>
						</observation>
					</entry>
					<entry>
						<encounter classCode="ENC" moodCode="RQO">
							<templateId root="2.16.756.5.30.1.110.2.1.1" extension="SVV.KZBT.WeiterbehandlungL3"/>
							<code code="185389009" codeSystem="2.16.840.1.113883.6.96" codeSystemName="SNOMED CT" displayName="Follow-up visit"/>
							<performer>
								<assignedEntity>
									<id nullFlavor="UNK" />
									<assignedPerson>
										<name>
											<prefix>Dr. med.</prefix>
											<given>Allzeit</given>
											<family>Bereit</family>
											<suffix>Facharzt für Allgemeine Medizin</suffix>
										</name>
									</assignedPerson>
									<representedOrganization>
										<name>Gruppenpraxis CH, Dr. med. Allzeit Bereit, FMH Allgemeine Medizin</name>
										<addr use="WP">
											<streetName>Doktorgasse</streetName>
											<houseNumber>2</houseNumber>
											<postalCode>8888</postalCode>
											<city>Musterhausen</city>
										</addr>
									</representedOrganization>
								</assignedEntity>
							</performer>
						</encounter>
					</entry>
        </section>
      </component>
      <component>
        <section>
					<templateId root="2.16.756.5.30.1.110.2.1.1" extension="SVV.KZBT.SchilderungUnfallhergang"/>
          <title>Freie Schilderung des Unfallherganges in chronologischer Abfolge durch den Patienten</title>
          <text>
						Ich war mit meinem Personenwagen unterwegs von Specimendorf nach Musterhausen, als ein plötzlich aufgetretenes Unwohlsein, Schwindel und Herzrasen mich veranlassten, meinen Wagen anzuhalten. Ich hatte etwas abrupt gebremst, und das nachfolgende Fahrzeug ist in das Heck meines Wagens geprallt.
          </text>
        </section>
      </component>
      <component>
        <section>
					<templateId root="2.16.756.5.30.1.110.2.1.1" extension="SVV.KZBT.Unfallhergang"/>
          <title>Unfallhergang</title>
          <text>
            <table>
              <tbody>
                <tr>
                  <td><content styleCode="Bold">Angaben durch</content></td>
                  <td>Patient</td>
                </tr>
                <tr>
                  <td><content styleCode="Bold">Unfallart</content></td>
                  <td>Heckkollision</td>
                </tr>
                <tr>
                  <td><content styleCode="Bold">Position</content></td>
                  <td>Fahrer</td>
                </tr>
                <tr>
                  <td><content styleCode="Bold">Kopfanprall</content></td>
                  <td>ja, an Kopfstütze</td>
                </tr>
                <tr>
                  <td><content styleCode="Bold">Auf Kollision gefasst</content></td>
                  <td>nein</td>
                </tr>
                <tr>
                  <td><content styleCode="Bold">Kopfstellung</content></td>
                  <td>gerade (gilt auch für Blick in den Rückspiegel)</td>
                </tr>
                <tr>
                  <td><content styleCode="Bold">Körperhaltung</content></td>
                  <td>aufrechte Sitzposition</td>
                </tr>
                <tr>
                  <td><content styleCode="Bold">Kopfstütze vorhanden</content></td>
                  <td>ja</td>
                </tr>
                <tr>
                  <td><content styleCode="Bold">Sicherheitsgurt getragen</content></td>
                  <td>ja</td>
                </tr>
                <tr>
                  <td><content styleCode="Bold">Airbag ausgelöst</content></td>
                  <td>nein</td>
                </tr>
              </tbody>
            </table>
          </text>
        </section>
      </component>
      <component>
        <section>
					<templateId root="2.16.756.5.30.1.110.2.1.1" extension="SVV.KZBT.BefragungUnfallablauf"/>
          <title>Befragung zum Unfallablauf ergibt Anhaltspunkte für</title>
          <text>
            <table>
              <tbody>
                <tr>
                  <td><content styleCode="Bold">Bewusstlosigkeit</content></td>
                  <td>nein</td>
                </tr>
                <tr>
                  <td><content styleCode="Bold">Gedächtnislücke</content></td>
                  <td>nein</td>
                </tr>
                <tr>
                  <td><content styleCode="Bold">Angst- und / oder Schreckreaktion</content></td>
                  <td>ja</td>
                </tr>
              </tbody>
            </table>
          </text>
        </section>
      </component>
      <component>
        <section>
					<templateId root="2.16.756.5.30.1.110.2.1.1" extension="SVV.KZBT.TätigkeitNachUnfall"/>
          <title>Tätigkeiten nach dem Unfallereignis</title>
          <text>
            <table>
              <tbody>
                <tr>
                  <td>Konnte PatientIn nach dem Unfallereignis als LenkerIn mit dem Unfallauto weiterfahren?</td>
                  <td>ja</td>
                </tr>
                <tr>
                  <td>Konnte PatientIn nach dem Unfallereignis als BeifahrerIn mit dem Unfallauto weiterfahren?</td>
                  <td>nein</td>
                </tr>
                <tr>
                  <td>Konnte PatientIn nach dem Unfallereignis die geplanten Tätigkeiten verrichten?</td>
                  <td>ja</td>
                </tr>
              </tbody>
            </table>
          </text>
        </section>
      </component>
      <component>
        <section>
					<templateId root="2.16.756.5.30.1.110.2.1.1" extension="SVV.KZBT.Beschwerdeverlauf"/>
          <title>Angaben des Patienten zum Beschwerdeverlauf seit dem Unfallzeitpunkt</title>
          <text>
            <table>
              <tbody>
                <tr>
                  <td><content styleCode="Bold">Kopfschmerzen</content></td>
                  <td>ja, nach 1 Std.<br />spontan erzählt<br />Schmerzintensität: 3<br />Schmerzausstrahlung: keine Angaben</td>
                </tr>
                <tr>
                  <td><content styleCode="Bold">Nackenschmerzen</content></td>
                  <td>ja, sofort<br />spontan erzählt<br />Schmerzintensität: 5<br />Schmerzausstrahlung: Hinterkopf</td>
                </tr>
                <tr>
                  <td><content styleCode="Bold">Schwindel</content></td>
                  <td>ja, nach 1 Std.<br />erfragt</td>
                </tr>
                <tr>
                  <td><content styleCode="Bold">Übelkeit</content></td>
                  <td>ja, nach 1 Std.<br />erfragt</td>
                </tr>
                <tr>
                  <td><content styleCode="Bold">Erbrechen</content></td>
                  <td>nein<br />erfragt</td>
                </tr>
                <tr>
                  <td><content styleCode="Bold">Hörstörungen</content></td>
                  <td>nein<br />erfragt</td>
                </tr>
                <tr>
                  <td><content styleCode="Bold">Sehstörungen</content></td>
                  <td>nein<br />erfragt</td>
                </tr>
                <tr>
                  <td><content styleCode="Bold">Schlafstörungen</content></td>
                  <td>nein<br />erfragt</td>
                </tr>
                <tr>
                  <td><content styleCode="Bold">Andere Symptome</content></td>
                  <td>nein<br />erfragt</td>
                </tr>
              </tbody>
            </table>
          </text>
        </section>
      </component>
      <component>
        <section>
					<templateId root="2.16.756.5.30.1.110.2.1.1" extension="SVV.KZBT.FrühereAnamnese"/>
          <title>Frühere Anamnese</title>
          <text>
            <table>
              <tbody>
                <tr>
                  <td><content styleCode="Bold">Früherer Unfall</content></td>
                  <td>nein</td>
                </tr>
                <tr>
                  <td><content styleCode="Bold">mit HWS-Beteiligung</content></td>
                  <td>nein</td>
                </tr>
                <tr>
                  <td><content styleCode="Bold">mit Kopf-Beteiligung</content></td>
                  <td>nein</td>
                </tr>
              </tbody>
            </table>
            <br />
            <content styleCode="Bold">Behandlungsbedürftige Beschwerden vor dem Unfall / Medikamente vor dem Unfall</content>
            <br />
            <table>
              <tbody>
                <tr>
                  <td><content styleCode="Bold">Kopf </content>(inkl. Migräne)</td>
                  <td>nein</td>
                </tr>
                <tr>
                  <td><content styleCode="Bold">Nacken</content></td>
                  <td>nein</td>
                </tr>
                <tr>
                  <td><content styleCode="Bold">Rücken</content></td>
                  <td>nein</td>
                </tr>
                <tr>
                  <td><content styleCode="Bold">Augen</content></td>
                  <td>nein</td>
                </tr>
                <tr>
                  <td><content styleCode="Bold">Gehör</content></td>
                  <td>nein</td>
                </tr>
                <tr>
                  <td><content styleCode="Bold">Psyche </content>(z.B. Psychotherapie)</td>
                  <td>nein</td>
                </tr>
                <tr>
                  <td><content styleCode="Bold">Andere</content></td>
                  <td>nein</td>
                </tr>
                <tr>
                  <td><content styleCode="Bold">Aktuelle Medikamente</content></td>
                  <td>nein</td>
                </tr>
              </tbody>
            </table>
          </text>
        </section>
      </component>
      <component>
        <section>
					<templateId root="2.16.756.5.30.1.110.2.1.1" extension="SVV.KZBT.Untersuchungsbefunde"/>
          <title>Untersuchungsbefunde</title>
          <text>
            <table>
              <tbody>
                <tr>
                  <td><content styleCode="Bold">Grösse</content></td>
                  <td><content ID='o1'>178 cm</content></td>
                </tr>
                <tr>
                  <td><content styleCode="Bold">Gewicht</content></td>
                  <td><content ID='o2'>72 kg</content></td>
                </tr>
              </tbody>
            </table>
            <br />
            <content styleCode="Bold">Schmerzen/Beweglichkeit der HWS (aktive, durch den Patienten ausgeführte Bewegungen)</content>
            <br />
            <table>
              <tbody>
                <tr>
                  <th></th>
                  <th><content styleCode="Bold">Schmerz</content></th>
                  <th><content styleCode="Bold">Beweglichkeit</content></th>
                </tr>
                <tr>
                  <td><content styleCode="Bold">Flexion </content>Kinn-Sternum-Abstand</td>
                  <td>nein</td>
                  <td>5 cm</td>
                </tr>
                <tr>
                  <td><content styleCode="Bold">Extension </content>Kinn-Sternum-Abstand</td>
                  <td>nein</td>
                  <td>12 cm</td>
                </tr>
                <tr>
                  <td><content styleCode="Bold">Rechtsdrehung</content></td>
                  <td>ja</td>
                  <td>60 Grad</td>
                </tr>
                <tr>
                  <td><content styleCode="Bold">Linksdrehung</content></td>
                  <td>nein</td>
                  <td>80 Grad</td>
                </tr>
                <tr>
                  <td><content styleCode="Bold">Seitneigung rechts</content></td>
                  <td>ja</td>
                  <td>25 Grad</td>
                </tr>
                <tr>
                  <td><content styleCode="Bold">Seitneigung links</content></td>
                  <td>nein</td>
                  <td>40 Grad</td>
                </tr>
                <tr>
                  <td><content styleCode="Bold">Druckschmerz</content></td>
                  <td>Ja, siehe Lokalisationsgrafik</td>
                </tr>
                <tr>
                  <td><content styleCode="Bold">Ruheschmerzen</content></td>
                  <td>nein</td>
                </tr>
                <tr>
                  <td><content styleCode="Bold">Stauchungsschmerz</content></td>
                  <td>nein</td>
                </tr>
                <tr>
                  <td><content styleCode="Bold">Schmerz / Funktionseinschränkung an anderer Lokalisation</content></td>
                  <td>nein</td>
                </tr>
               </tbody>
            </table>
            <br />
            Lokalisationsgrafik:<br />
            <renderMultiMedia referencedObject="image1"/><br/>
            <br />
            <br />
            <content styleCode="Bold">Neurologische Untersuchung</content>
            <br />
            <table>
              <tbody>
                <tr>
                  <td><content styleCode="Bold">Sehnenreflexe</content></td>
                  <td>normal</td>
                </tr>
                <tr>
                  <td><content styleCode="Bold">Muskelkraft</content></td>
                  <td>normal</td>
                </tr>
                <tr>
                  <td><content styleCode="Bold">Parästhesien</content></td>
                  <td>nein</td>
                </tr>
                <tr>
                  <td><content styleCode="Bold">Sensible Defizite</content></td>
                  <td>nein</td>
                </tr>
                <tr>
                  <td><content styleCode="Bold">Romberg-Versuch</content></td>
                  <td>sicher</td>
                </tr>
                <tr>
                  <td><content styleCode="Bold">Unterberger Tretversuch </content>Definition pathologisch = Abweichung > 45° nach 50 Schritten</td>
                  <td>normal</td>
                </tr>
              </tbody>
            </table>
            <br />
            <content styleCode="Bold">Andere pathologische neurologische Befunde </content>(z.B. Hirnnerven): Keine
            <br />
            <br />
            <content styleCode="Bold">Aktuelle Bewusstseinslage</content>
            <br />
            <table>
              <tbody>
                <tr>
                  <td><content styleCode="Bold">GCS-Score</content></td>
                  <td>15</td>
                </tr>
              </tbody>
            </table>
            <br />
            <content styleCode="Bold">Sonstiges</content>
            <br />
            <table>
              <tbody>
                <tr>
                  <td><content styleCode="Bold">Sonstige Feststellungen oder Auffälligkeiten (auch Psyche)</content></td>
                  <td>nein</td>
                </tr>
                <tr>
                  <td><content styleCode="Bold">Äussere Verletzungen</content></td>
                  <td>nein</td>
                </tr>
              </tbody>
            </table>          
            <br />
            <content styleCode="Bold">Röntgen</content>
            <br />
            <table>
              <tbody>
                <tr>
                  <td><content styleCode="Bold">HWS ap / seitlich</content></td>
                  <td>ja, Befund: leichte rechtskonvexe Skoliose, keine Fraktur</td>
                </tr>
                <tr>
                  <td><content styleCode="Bold">Densaufnahme transbuccal</content></td>
                  <td>ja, Befund: Kein Hinweis auf Densfraktur</td>
                </tr>
                <tr>
                  <td><content styleCode="Bold">Andere bildgebende Untersuchungen</content></td>
                  <td>nein</td>
                </tr>
              </tbody>
            </table>          
          </text>
					<entry>
						<organizer classCode='CLUSTER' moodCode='EVN'>
							<templateId root='2.16.840.1.113883.10.20.1.32'/>
							<templateId root='2.16.840.1.113883.10.20.1.35'/>
							<templateId root='1.3.6.1.4.1.19376.1.5.3.1.4.13.1'/>
							<code code='46680005' displayName='Vital signs' codeSystem='2.16.840.1.113883.6.96' codeSystemName='SNOMED CT'/>
							<statusCode code='completed'/>
							<!-- one or more vital signs observations -->
							<component typeCode='COMP'>
								<observation classCode='OBS' moodCode='EVN'>
									<templateId root='2.16.756.5.30.1.1.1.1.1' extension='CDA-CH.Body.VitalSignL3' />
									<templateId root='1.3.6.1.4.1.19376.1.5.3.1.4.13'/>
									<templateId root='2.16.840.1.113883.10.20.1.31'/>
									<templateId root='1.3.6.1.4.1.19376.1.5.3.1.4.13.2'/>
									<code code='3137-7' codeSystem='2.16.840.1.113883.6.1' />
									<text>
										178cm
										<reference value='#o1'/>
									</text>
									<statusCode code='completed'/>
									<effectiveTime value="20081118"/>
									<value xsi:type='PQ' value='178' unit='cm'/>
								</observation>
							</component>
							<component typeCode='COMP'>
								<observation classCode='OBS' moodCode='EVN'>
									<templateId root='2.16.756.5.30.1.1.1.1.1' extension='CDA-CH.Body.VitalSignL3' />
									<templateId root='1.3.6.1.4.1.19376.1.5.3.1.4.13'/>
									<templateId root='2.16.840.1.113883.10.20.1.31'/>
									<templateId root='1.3.6.1.4.1.19376.1.5.3.1.4.13.2'/>
									<code code='3141-9' codeSystem='2.16.840.1.113883.6.1' />
									<text>
										72kg
										<reference value='#o2'/>
									</text>
									<statusCode code='completed'/>
									<effectiveTime value="20081118"/>
									<value xsi:type='PQ' value='72' unit='kg'/>
								</observation>
							</component>
						</organizer>
					</entry>
					<entry>
						<observationMedia classCode="OBS" moodCode="EVN" ID="image1">
							<value xsi:type='ED' mediaType="image/jpeg">
								<reference value="Druckschmerz.jpg"/>
							</value>
						</observationMedia>
					</entry>
        </section>
      </component>
      <component>
        <section>
					<templateId root="2.16.756.5.30.1.110.2.1.1" extension="SVV.KZBT.VorläufigeDiagnose"/>
          <title>Vorläufige Diagnose | In Anlehnung an die Quebec Task Force (QTF)-Klassifikation</title>
          <text>
            <table>
              <tbody>
                <tr>
                  <th>Grad</th>
                  <th>Klinische Präsentation</th>
                  <th>Status*</th>
                  <th>Diagnose*</th>
                </tr>
                <tr>
                  <td>II</td>
                  <td>Nackenbeschwerden und muskuloskelettale Befunde (verminderte Beweglichkeit und punktuelle Druckschmerzhaftigkeit mit eingeschlossen
                  </td>
                  <td>Verdacht auf</td>
                  <td>nein</td>
                </tr>
              </tbody>
            </table>
            <br />
            Differentialdiagnose(n)*: Keine Angaben<br />
						zusätzliche Diagnose(n): Verdacht auf intermittierende Herzrhythmusstörung, Zustand nach Hyperthyreose, arterielle Hypertonie<br />
						weitere Abklärung(en): EKG, Schilddrüsenfunktion durch den Hausarzt<br />
						<br />
            * entspricht den Forderungen/Ausführungen im Sinne des Bundesgerichtsentscheides BGE 134 V 109
          </text>
        </section>
      </component>
      <component>
        <section>
					<templateId root="2.16.756.5.30.1.110.2.1.1" extension="SVV.KZBT.Therapie"/>
          <title>Therapie / angeordnete Massnahmen</title>
          <text>
            <table>
              <tbody>
                <tr>
                  <td><content styleCode="Bold">Therapie / Massnahmen</content></td>
                  <td>Analgetika (Paracetamol u.ä.)<br />
                  	Physiotherapie aktiv<br />
                  	Andere Massnahmen: muskelrelaxierende Medikamente
                  	</td>
                </tr>
              </tbody>
            </table>          
          </text>
        </section>
      </component>
      <component>
        <section>
					<templateId root="2.16.756.5.30.1.110.2.1.1" extension="SVV.KZBT.Arbeitsfähigkeit"/>
					<templateId root="2.16.756.5.30.1.1.1.1.1" extension="CDA-CH.Body.ArbeitsfähigkeitList"/>
					<code code="X-ATWRK" codeSystem="2.16.840.1.113883.6.1" codeSystemName="LOINC"/>
          <title>Arbeitsfähigkeit</title>
          <text>
            <table>
              <tbody>
                <tr>
                  <td><content styleCode="Bold">aktuelle berufliche Tätigkeit</content></td>
                  <td>Bankfachmann</td>
                  <td>ohne körperliche Belastung (Büroarbeit)</td>
                </tr>
                <tr>
                  <td><content styleCode="Bold">aktuelles Arbeitspensum in %</content></td>
                  <td>100</td>
                </tr>
              </tbody>
            </table>          
						<br />
            <content styleCode="Bold">Psychosoziale/soziokulturelle Verhältnisse: Persönliche Verhältnisse betreffend</content><br />
            <table>
              <tbody>
                <tr>
                  <td>a) Beruf/Arbeitsstelle</td>
                  <td>Festanstellung als Bankfachmann</td>
                </tr>
                <tr>
                  <td>b) Familie</td>
                  <td>verheiratet, 4 erwachsene Kinder</td>
                </tr>
                <tr>
                  <td>c) Freizeit</td>
                  <td>Wandern</td>
                </tr>
                <tr>
                  <td>d) Integration (Sprachkenntnisse)</td>
                  <td>keine Angaben</td>
                </tr>
              </tbody>
            </table>          
            <br />
						<table>
							<tbody>
								<tr>
									<th>Konsultation</th>
									<th>Anwesenheitsdauer</th>
									<th>Pensum</th>
									<th>Nächste Beurteilung</th>
									<th>Beurteilt durch</th>
								</tr>
								<tr>
									<td>Datum</td>
									<td>Zumutbare Stunden pro Tag im Betrieb</td>
									<td>% der üblichen Arbeitszeit</td>
									<td>geplant am</td>
									<td/>
							</tr>
								<tr>
									<td>01.02.2010</td>
									<td>0 h/Tag</td>
									<td>0 %</td>
									<td>03.02.2010</td>
									<td>Dr. med. E. Mergency, Kantonales Spital Musterhausen</td>
								</tr>
							</tbody>
						</table>
          </text>
				<entry>
					<observation classCode="OBS" moodCode="EVN">
						<templateId root="2.16.756.5.30.1.1.1.1.1" extension="CDA-CH.Body.ArbeitsfähigkeitL3"/>
						<code code="X-ATWRK" codeSystem="2.16.840.1.113883.6.1" codeSystemName="LOINC"/>
						<text>Voll Arbeitsunfähig ab 01.02.2010</text>
						<statusCode code="completed"/>
						<effectiveTime>
							<low value="20100201"/>
							<high value="20100204"/>
						</effectiveTime>
						<value xsi:type='CE' code="0" codeSystem="2.16.756.5.30.2.1.1.6.1" />
						<interpretationCode code="0" codeSystem="2.16.756.5.30.2.1.1.7.1" />
						<performer>
							<assignedEntity>
								<id nullFlavor="UNK" />
								<assignedPerson>
									<name>
										<prefix>Dr. med.</prefix>
										<given>E.</given>
										<family>Mergency</family>
									</name>
								</assignedPerson>
							</assignedEntity>
						</performer>
					</observation>
				</entry>
        </section>
      </component>
      <component>
        <section>
					<templateId root="2.16.756.5.30.1.1.1.1.1" extension="CDA-CH.Body.Rem"/>
          <title>Bemerkungen</title>
          <text>
						Keine
          </text>
        </section>
      </component>
    </structuredBody>
  </component>
</ClinicalDocument>