<?xml version='1.0' encoding='utf-8'?>
<!--
********************************************************
Fallbeispiel "Auffahrunfall" CDA-CH-II
Ambulanter Spitalaustrittsbericht gemäss CDA-CH plus Medikationstemplate CDA-CH-II

History:
12.05.2010: Tony Schaller, medshare GmbH (aus Input Storyboard HL7 CDA-CH-II)
17.05.2010: Tony Schaller, medshare GmbH (Einfügen finaler OIDs)
20.05.2010: Tony Schaller, medshare GmbH (Korrektur, damit Dokument mit Eclipse CDA Instance Validator korrekt validiert)

********************************************************
-->
<?xml-stylesheet type='text/xsl' href='../stylesheets/cda-ch.xsl'?>
<ClinicalDocument xmlns="urn:hl7-org:v3" xmlns:voc="urn:hl7-org:v3/voc" xmlns:xsi="http://www.w3.org/2001/XMLSchema-instance" xsi:schemaLocation="urn:hl7-org:v3 CDA.xsd">
	<!--
	********************************************************
	CDA Header
	********************************************************
	-->
	<typeId root="2.16.840.1.113883.1.3" extension="POCD_HD000040"/>
	<templateId extension="CDA-CH" root="2.16.756.5.30.1.1.1.1"/>
	<id extension="69604928-C7F4-4E0F-AB13-4774F33DA938" root="2.16.756.5.30.1.1.1.1"/>
	<code code="34106-5" codeSystem="2.16.840.1.113883.6.1" displayName="Zusammenfassung bei Entlassung"/>
	<title>Spitalaustrittsbericht</title>
	<effectiveTime value="20100201"/>
	<confidentialityCode code="N" codeSystem="2.16.840.1.113883.5.25"/>
	<languageCode code="de-CH"/>
	<setId extension="69604928-C7F4-4E0F-AB13-4774F33DA938" root="2.16.756.5.30.1.1.1.1"/>
	<versionNumber value="1"/>
	<recordTarget>
		<patientRole>
			<id extension="123.71.332.115" root="2.16.756.5.31"/>
			<addr use="HP">
				<streetName>Leidensweg</streetName>
				<houseNumber>10</houseNumber>
				<postalCode>9876</postalCode>
				<city>Specimendorf</city>
			</addr>
			<telecom use="HP" value="tel:+41.32.685.12.34"/>
			<telecom use="PUB" value="tel:+41.32.123.77.88"/>
			<patient>
				<name>
					<given>Max</given>
					<family>MUSTER</family>
				</name>
				<administrativeGenderCode code="M" codeSystem="2.16.840.1.113883.5.1"/>
				<birthTime value="19480611"/>
			</patient>
			<providerOrganization>
				<id extension="7605555555555" root="1.3.88"/>
				<name>Kantonales Spital, Klinik für Chirurgie und Orthopädie</name>
			</providerOrganization>
		</patientRole>
	</recordTarget>
	<author>
		<functionCode code='TASST' codeSystem='2.16.756.5.30.2.1.1.1'/>
		<time value="20100201"/>
		<assignedAuthor>
			<id extension="7605555555555" root="1.3.88"/>
			<addr use="WP">
				<streetName>Spitalstr.</streetName>
				<houseNumber>33</houseNumber>
				<postalCode>1234</postalCode>
				<city>Musterstadt</city>
			</addr>
			<telecom use="PUB" value="tel:+41.32.211.11.11"/>
			<telecom use="PUB" value="fax:+41.32.211.11.54"/>
			<telecom use="PUB" value="http:www.kantonales-spital.ch"/>
			<assignedPerson>
				<name>
					<prefix>Dr. med.</prefix>
					<given>E.</given>
					<family>Mergency</family>
					<suffix>Assistenzarzt</suffix>
				</name>
			</assignedPerson>
			<representedOrganization>
				<name>Kantonales Spital, Klinik für Chirurgie</name>
				<addr use="WP">
					<streetName>Spitalstr.</streetName>
					<houseNumber>33</houseNumber>
					<postalCode>1234</postalCode>
					<city>Musterstadt</city>
				</addr>
			</representedOrganization>
		</assignedAuthor>
	</author>
	<custodian>
		<assignedCustodian>
			<representedCustodianOrganization>
				<id extension="7605555555555" root="1.3.88"/>
				<name>Kantonales Spital, Klinik für Chirurgie</name>
				<addr use="WP">
					<streetName>Spitalstr.</streetName>
					<houseNumber>33</houseNumber>
					<postalCode>1234</postalCode>
					<city>Musterstadt</city>
				</addr>
			</representedCustodianOrganization>
		</assignedCustodian>
	</custodian>
	<legalAuthenticator>
		<time value="20100201"/>
		<signatureCode code="S"/>
		<assignedEntity>
			<id extension="7605555555555" root="1.3.88"/>
			<assignedPerson>
				<name>
					<prefix>Dr. med.</prefix>
					<given>V.</given>
					<family>Orgesetzt</family>
					<suffix>Oberarzt Chirurgie</suffix>
				</name>
			</assignedPerson>
		</assignedEntity>
	</legalAuthenticator>
	<authenticator>
		<time value="20100201"/>
		<signatureCode code="S"/>
		<assignedEntity>
			<id extension="7605555555555" root="1.3.88"/>
			<assignedPerson>
				<name>
					<prefix>Dr. med.</prefix>
					<given>E.</given>
					<family>Mergency</family>
					<suffix>Assistenzarzt</suffix>
				</name>
			</assignedPerson>
		</assignedEntity>
	</authenticator>
	<authorization>
		<consent>
			<code nullFlavor="OTH" codeSystem="2.16.756.5.30.2.1.1.2">
				<originalText>
					N/A
				</originalText>
			</code>
			<statusCode code="completed"/>
		</consent>
	</authorization>
	<!--
	********************************************************
	CDA Body
	********************************************************
	-->
	<component>
		<structuredBody>
			<!--
			********************************************************
			Präambel
			********************************************************
			-->
			<component>
				<section>
					<title>Präambel</title>
					<text>
						<content>
							Kurzbericht Ambulante Konsultation<br/>
						</content>
					</text>
				</section>
			</component>
			<!--
			********************************************************
			Diagnosenliste
			********************************************************
			-->
			<component>
				<section>
					<templateId root="2.16.756.5.30.1.1.1.1.1" extension="CDA-CH.Body.DiagList"/>
					<code codeSystem="2.16.840.1.113883.6.1" code="29548-5" />
					<title>Diagnosen</title>
					<text>
						<table>
							<tbody>
								<tr>
									<th>Diagnose</th>
									<th>Code</th>
									<th>Codesystem</th>
								</tr>
								<tr>
									<td>
										<content ID='d1'>
											HWS-Distortion bei Status nach Auffahrunfall bei vorangehender Episode mit Schwindel und Unwohlsein
										</content>
									</td>
									<td></td>
									<td></td>
								</tr>
								<tr>
									<td>
										<content ID='d2'>
											Anamnestisch bekanntes paroxysmales Vorhofflimmern bei Hyperthyreose; seit Juli 09 ohne Therapie.
										</content>
									</td>
									<td></td>
									<td></td>
								</tr>
								<tr>
									<td>
										<content ID='d3'>
											Anamnestisch bekannte Penicillin-Allergie (Generalisiertes Arzneimittel-Exanthem nach Penicillinbehandlung 1986)
										</content>
									</td>
									<td></td>
									<td></td>
								</tr>
								<tr>
									<td>
										<content ID='d4'>
											St.n. Implantation einer Hüftgelenks-Endoprothese links Juli 2009 bei primärer Coxarthorse links
										</content>
									</td>
									<td></td>
									<td></td>
								</tr>
							</tbody>
						</table>
					</text>
					<entry>
						<observation classCode="OBS" moodCode="EVN">
							<templateId root="2.16.756.5.30.1.1.1.1.1" extension="CDA-CH.Body.DiagL1"/>
							<code nullFlavor='UNK'/>
							<text>
								HWS-Distortion bei Status nach Auffahrunfall bei vorangehender Episode mit Schwindel und Unwohlsein
								<reference value='#d1'/>
							</text>
							<effectiveTime value="20100201"/>
						</observation>
					</entry>
					<entry>
						<observation classCode="OBS" moodCode="EVN">
							<templateId root="2.16.756.5.30.1.1.1.1.1" extension="CDA-CH.Body.DiagL1"/>
							<code nullFlavor='UNK'/>
							<text>
								Anamnestisch bekanntes paroxysmales Vorhofflimmern bei Hyperthyreose; seit Juli 09 ohne Therapie.
								<reference value='#d2'/>
							</text>
							<effectiveTime value="20100201"/>
						</observation>
					</entry>
					<entry>
						<observation classCode="OBS" moodCode="EVN">
							<templateId root="2.16.756.5.30.1.1.1.1.1" extension="CDA-CH.Body.DiagL1"/>
							<code nullFlavor='UNK'/>
							<text>
								Anamnestisch bekannte Penicillin-Allergie (Generalisiertes Arzneimittel-Exanthem nach Penicillinbehandlung 1986)
								<reference value='#d3'/>
							</text>
							<effectiveTime value="20100201"/>
						</observation>
					</entry>
					<entry>
						<observation classCode="OBS" moodCode="EVN">
							<templateId root="2.16.756.5.30.1.1.1.1.1" extension="CDA-CH.Body.DiagL1"/>
							<code nullFlavor='UNK'/>
							<text>
								St.n. Implantation einer Hüftgelenks-Endoprothese links Juli 2009 bei primärer Coxarthorse links
								<reference value='#d4'/>
							</text>
							<effectiveTime value="20100201"/>
						</observation>
					</entry>
				</section>
			</component>
			<!--
			********************************************************
			Anamnese
			********************************************************
			-->
			<component>
				<section>
					<title>Anamnese</title>
					<text>
						<content>
							Während der Fahrt auf der Autobahn zwischen Specimendorf und Musterstadt plötzliches Ereignis mit Unwohlsein, Schwindel und Herzrasen. Der Patient versucht auf dem Trottoir zu parken; das hinter ihm folgende Fahrzeug kann aber nicht rechtzeitig bremsen; es kommt zu einer Auffahrkollision mit nur geringer Geschwindigkeit.<br />
							Keine Amnesie, nach Auskunft des Beifahrers kein Bewusstseinsverlust.<br />
							Gemäss EPR offenbar Hyperthyreose, behandelt mit Carbimazol 5mg/die bis vor 6 Monaten. Wurde vom Patienten auf Nachfrage bestätigt.
						</content>
					</text>
				</section>
			</component>
			<!--
			********************************************************
			Status bei Eintritt
			********************************************************
			-->
			<component>
				<section>
					<title>Status bei Eintritt</title>
					<text>
						Zeitlich, örtlich und autopsychisch orientiert.<br />
						Schmerzen im Bereich des Nackens mit Ausstrahlung in den Kopfbereich. HWS-Beweglichkeit schmerzbedingt leicht eingeschränkt. Neurologisch unauffällig, insbesondere keine radikuläre Symptomatik.<br />
						Kardiopulmonal unauffällig. BD 135/83; Puls 86 regelmässig. Keine weiteren pathologischen Befunde.
					</text>
				</section>
			</component>
			<!--
			********************************************************
			EKG
			********************************************************
			-->
			<component>
				<section>
					<title>EKG</title>
					<text>
						Normokarder SR, 85/min.; unaffälliger Erregungsablauf
					</text>
				</section>
			</component>
			<!--
			********************************************************
			HWS Röntgen ap/s, Dens, transbuccal
			********************************************************
			-->
			<component>
				<section>
					<title>HWS Röntgen ap/s, Dens, transbuccal</title>
					<text>
						Keine AP für ossäre Läsionen. Leichte rechtskonvexe Skoliose.
					</text>
				</section>
			</component>
			<!--
			********************************************************
			Procedere
			********************************************************
			-->
			<component>
				<section>
					<title>Procedere</title>
					<text>
						Medikamentöse Therapie (siehe Medikamente bei Austritt)<br />
						Physiotherapie<br />
						Nachkontrolle beim HA am 4.2.2010 mit Kontrolle der Schilddrüsenwerte, R-Test mit Frage nach paroxysmalem VHF.<br />
						Arbeitsunfähigkeit 100% bis 4.2.2010
					</text>
				</section>
			</component>
			<!--
			********************************************************
			Medikamente bei Austritt
			********************************************************
			-->
			<component>
				<section>
					<templateId root='2.16.756.5.30.1.1.1.1.1' extension='CDA-CH.Body.MediList' />
					<code code='10183-2' codeSystem='2.16.840.1.113883.6.1' displayName='Medikamente bei Entlassung aus dem Krankenhaus' />
					<title>Medikamente bei Austritt</title>
					<text>
						<table>
							<thead>
								<tr>
									<th>Präparat</th>
									<th>ATC WHO</th>
									<th>Dosis</th>
								</tr>
							</thead>
							<tbody>
								<tr>
									<td>
										<content ID='m1'>Dafalgan Tbl. 500 mg</content>
									</td>
									<td>Paracetamol</td>
									<td>2-2-2</td>
								</tr>
								<tr>
									<td>
										<content ID='m2'>Sirdalud Tbl. 4 mg</content>
									</td>
									<td>Tizanidin</td>
									<td>1-1-1</td>
								</tr>
								<tr>
									<td>
										<content ID='m3'>Lisinopril HCT Streuli Tbl. 10/12.5 mg</content>
									</td>
									<td>Lisinopril und Diuretika</td>
									<td>1-0-0</td>
								</tr>
							</tbody>
						</table>
					</text>
					<entry>
						<substanceAdministration classCode='SBADM' moodCode='EVN'>
							<templateId extension='evita.seds.medication' root='2.16.756.5.30.1.109.2'/>
							<templateId extension='CDA-CH.Body.MediL3' root='2.16.756.5.30.1.1.1.1.1'/>
							<templateId root='1.3.6.1.4.1.19376.1.5.3.1.4.7.1'/>
							<templateId root='2.16.840.1.113883.10.20.1.24'/>
							<templateId root='1.3.6.1.4.1.19376.1.5.3.1.4.7'/>
							<!-- GTIN -->
							<id extension='7680475040232' root='1.3.160' />
							<code code='DRUG' codeSystem='2.16.840.1.113883.5.4' displayName='Medikamentöse Therapie'/>
							<text>
								<reference value='#m1'/>
							</text>
							<statusCode code='completed'/>
							<effectiveTime xsi:type='IVL_TS'>
								<!-- Wirkzeitraum -->
								<low nullFlavor='UNK' />
								<high nullFlavor='UNK' />
							</effectiveTime>
							<effectiveTime xsi:type='PIVL_TS' operator='A'>
								<!-- Dosierung 2-2-2 -->
								<phase value='190001010800'/>
								<period value='24' unit='h'/>
							</effectiveTime>
							<effectiveTime xsi:type='PIVL_TS' operator='A'>
								<phase value='190001011200'/>
								<period value='24' unit='h'/>
							</effectiveTime>
							<effectiveTime xsi:type='PIVL_TS' operator='A'>
								<phase value='190001011600'/>
								<period value='24' unit='h'/>
							</effectiveTime>
							<priorityCode code='R' codeSystem='2.16.840.1.113883.5.7' codeSystemName='ActPriority' displayName='Routine'/>
							<routeCode code='PO' codeSystem='2.16.840.1.113883.5.112' codeSystemName='RouteOfAdministration' displayName='schlucken, oral' />
							<doseQuantity>
								<!-- 2 Stück (z. B. Tablette) -->
								<center value='2' unit='1'/>
							</doseQuantity>
							<rateQuantity nullFlavor='UNK' />
							<consumable>
								<manufacturedProduct>
									<templateId root='1.3.6.1.4.1.19376.1.5.3.1.4.7.2'/>
									<templateId root='2.16.840.1.113883.10.20.1.53'/>
									<manufacturedMaterial>
										<!-- Generic GroupCode -->
										<code code="N02BE01SETN000000500TABL" codeSystem="2.16.756.5.30.2.6.2">
											<originalText>
												<reference nullFlavor='UNK' />
											</originalText>
											<!-- ATC WHO Code -->
											<translation code="N02BE01" codeSystem="2.16.840.1.113883.6.73"/>
										</code>
										<name>DAFALGAN Tabl 500 mg 100 Stk</name>
									</manufacturedMaterial>
								</manufacturedProduct>
							</consumable>
						</substanceAdministration>
					</entry>
					<entry>
						<substanceAdministration classCode='SBADM' moodCode='EVN'>
							<templateId extension='evita.seds.medication' root='2.16.756.5.30.1.109.2'/>
							<templateId extension='CDA-CH.Body.MediL3' root='2.16.756.5.30.1.1.1.1.1'/>
							<templateId root='1.3.6.1.4.1.19376.1.5.3.1.4.7.1'/>
							<templateId root='2.16.840.1.113883.10.20.1.24'/>
							<templateId root='1.3.6.1.4.1.19376.1.5.3.1.4.7'/>
							<!-- GTIN -->
							<id extension='7680446910359' root='1.3.160' />
							<code code='DRUG' codeSystem='2.16.840.1.113883.5.4' displayName='Medikamentöse Therapie'/>
							<text>
								<reference value='#m2'/>
							</text>
							<statusCode code='completed'/>
							<effectiveTime xsi:type='IVL_TS'>
								<!-- Wirkzeitraum -->
								<low value='20100201'/>
								<high nullFlavor='UNK' />
							</effectiveTime>
							<effectiveTime xsi:type='PIVL_TS' operator='A'>
								<!-- Dosierung 1-1-1-1 -->
								<phase value='190001010800'/>
								<period value='24' unit='h'/>
							</effectiveTime>
							<effectiveTime xsi:type='PIVL_TS' operator='A'>
								<phase value='190001011200'/>
								<period value='24' unit='h'/>
							</effectiveTime>
							<effectiveTime xsi:type='PIVL_TS' operator='A'>
								<phase value='190001011600'/>
								<period value='24' unit='h'/>
							</effectiveTime>
							<effectiveTime xsi:type='PIVL_TS' operator='A'>
								<phase value='190001012000'/>
								<period value='24' unit='h'/>
							</effectiveTime>
							<priorityCode code='R' codeSystem='2.16.840.1.113883.5.7' codeSystemName='ActPriority' displayName='Routine'/>
							<routeCode code='PO' codeSystem='2.16.840.1.113883.5.112' codeSystemName='RouteOfAdministration' displayName='schlucken, oral' />
							<doseQuantity>
								<!-- 1 Stück (z. B. Tablette) -->
								<center value='1' unit='1'/>
							</doseQuantity>
							<rateQuantity nullFlavor='UNK' />
							<consumable>
								<manufacturedProduct>
									<templateId root='1.3.6.1.4.1.19376.1.5.3.1.4.7.2'/>
									<templateId root='2.16.840.1.113883.10.20.1.53'/>
									<manufacturedMaterial>
										<!-- Generic GroupCode -->
										<code code="M03BX02SETN000000004TABL" codeSystem="2.16.756.5.30.2.6.2">
											<originalText>
												<reference nullFlavor='UNK' />
											</originalText>
											<!-- ATC WHO Code -->
											<translation code="M03BX02" codeSystem="2.16.840.1.113883.6.73"/>
										</code>
										<name>SIRDALUD Tabl 4 mg 30 Stk</name>
									</manufacturedMaterial>
								</manufacturedProduct>
							</consumable>
						</substanceAdministration>
					</entry>
					<entry>
						<substanceAdministration classCode='SBADM' moodCode='EVN'>
							<templateId extension='evita.seds.medication' root='2.16.756.5.30.1.109.2'/>
							<templateId extension='CDA-CH.Body.MediL3' root='2.16.756.5.30.1.1.1.1.1'/>
							<templateId root='1.3.6.1.4.1.19376.1.5.3.1.4.7.1'/>
							<templateId root='2.16.840.1.113883.10.20.1.24'/>
							<templateId root='1.3.6.1.4.1.19376.1.5.3.1.4.7'/>
							<!-- GTIN -->
							<id extension='7680569020096' root='1.3.160' />
							<code code='DRUG' codeSystem='2.16.840.1.113883.5.4' displayName='Medikamentöse Therapie'/>
							<text>
								<reference value='#m3'/>
							</text>
							<statusCode code='completed'/>
							<effectiveTime xsi:type='IVL_TS'>
								<!-- Wirkzeitraum -->
								<low nullFlavor='UNK' />
								<high nullFlavor='UNK' />
							</effectiveTime>
							<effectiveTime xsi:type='PIVL_TS' operator='A'>
								<!-- Dosierung 1-0-0 -->
								<phase value='190001010800'/>
								<period value='24' unit='h'/>
							</effectiveTime>
							<priorityCode code='R' codeSystem='2.16.840.1.113883.5.7' codeSystemName='ActPriority' displayName='Routine'/>
							<routeCode code='PO' codeSystem='2.16.840.1.113883.5.112' codeSystemName='RouteOfAdministration' displayName='schlucken, oral' />
							<doseQuantity>
								<!-- 1 Stück (z. B. Tablette) -->
								<center value='1' unit='1'/>
							</doseQuantity>
							<rateQuantity nullFlavor='UNK' />
							<consumable>
								<manufacturedProduct>
									<templateId root='1.3.6.1.4.1.19376.1.5.3.1.4.7.2'/>
									<templateId root='2.16.840.1.113883.10.20.1.53'/>
									<manufacturedMaterial>
										<!-- Generic GroupCode -->
										<code code="C09BA03SETN000000010TABL" codeSystem="2.16.756.5.30.2.6.2">
											<originalText>
												<reference nullFlavor='UNK' />
											</originalText>
											<!-- ATC WHO Code -->
											<translation code="C09BA03" codeSystem="2.16.840.1.113883.6.73"/>
										</code>
										<name>LISINOPRIL HCT Streuli Tabl 10/12.5 30 Stk</name>
									</manufacturedMaterial>
								</manufacturedProduct>
							</consumable>
						</substanceAdministration>
					</entry>
				</section>
			</component>
			<!--
			********************************************************
			Bemerkungen
			********************************************************
			-->
			<component>
				<section>
					<title>Bemerkungen</title>
					<text>
						<content>
							Bei anamnestisch bekannter Hyperthyreose mit Vorhofflimmern könnte ein erneutes Vhofflimmern die Ursache für die Episode mit Unwohlsein, Schwindel und Herzrasen sein. Wir empfehlen deshalb die Bestimmung der Schilddrüsenparameter sowie die Durchführung eines R-Tests.
						</content>
					</text>
				</section>
			</component>
		</structuredBody>
	</component>
</ClinicalDocument>
