<?xml version="1.0" encoding="UTF-8"?>
<?xml-stylesheet type="text/xsl" href="../stylesheets/cda.xsl"?>
<?xml-model href="../schematron/abde-ab2015.sch" type="application/xml" schematypens="http://purl.oclc.org/dsdl/schematron"?>
<ClinicalDocument xmlns="urn:hl7-org:v3" xmlns:xsi="http://www.w3.org/2001/XMLSchema-instance" xsi:schemaLocation="urn:hl7-org:v3 ../schemas/CDA.xsd">
    <realmCode code="DE"/>
    <typeId root="2.16.840.1.113883.1.3" extension="POCD_HD000040"/>
    <templateId root="1.2.276.0.76.10.1013"/>
    <id root="1.2.276.0.76.3645.239" extension="di-b02e97c1-3cea-4ed4-80cd-5d8a7386cee2" />
    <code code="11490-0" codeSystem="2.16.840.1.113883.6.1" displayName="Consultation note"/>
    <title>eArztbrief vom 4. November 2015</title>
    <effectiveTime value="20151104123415"/>
    <confidentialityCode code="N" codeSystem="2.16.840.1.113883.5.25"/>
    <languageCode code="de-DE"/>
    <setId root="1.2.276.0.76.3645.239" extension="si-a8a7b265-4e20-4177-8cfb-149491b8003a"/>
    <versionNumber value="1"/>
    <recordTarget>
        <patientRole>
            <id extension="1543627549" root="1.2.276.0.76.4.1"/>
            <addr>
                <streetAddressLine>Riedemannweg 59</streetAddressLine>
                <postalCode>13627</postalCode>
                <city>Berlin</city>
            </addr>
            <telecom use="HP" value="tel:030.456.345345"/>
            <patient>
                <name>
                    <given>Paul</given>
                    <family>Pappel</family>
                </name>
                <administrativeGenderCode code="M" codeSystem="2.16.840.1.113883.5.1"/>
                <birthTime value="19551217"/>
                <birthplace>
                    <place>
                        <addr>
                            <city>Sassnitz</city>
                        </addr>
                    </place>
                </birthplace>
            </patient>
        </patientRole>
    </recordTarget>
    <author>
        <!--- author -->
        <time value="20151104"/>
        <assignedAuthor>
            <id extension="ied8984938" root="2.16.840.1.113883.3.67.933"/>
            <assignedPerson>
                <name>
                    <prefix qualifier="AC">Dr. med.</prefix>
                    <given>Theo</given>
                    <family>Phyllin</family>
                </name>
            </assignedPerson>
            <representedOrganization>
                <name>Praxis Dr. med. Phyllin</name>
                <telecom use="WP" value="tel:0214.2127070"/>
                <telecom use="WP" value="tel:0214.212707122"/>
                <addr>
                    <streetName>Krankenhausstraße</streetName>
                    <houseNumber>240</houseNumber>
                    <postalCode>51371</postalCode>
                    <city>Leverkusen</city>
                </addr>
            </representedOrganization>
        </assignedAuthor>
    </author>
    <custodian>
        <assignedCustodian>
            <representedCustodianOrganization>
                <id extension="M345" root="1.2.276.0.58"/>
                <name>Praxis Dr. med. Phyllin</name>
                <telecom use="WP" value="tel:0214.2127070"/>
                <addr>
                    <streetName>Krankenhausstraße</streetName>
                    <houseNumber>240</houseNumber>
                    <postalCode>51371</postalCode>
                    <city>Leverkusen</city>
                </addr>
            </representedCustodianOrganization>
        </assignedCustodian>
    </custodian>
    <informationRecipient typeCode="PRCP">
        <intendedRecipient>
            <id extension="POS4736437" root="2.16.840.1.113883.3.67.933"/>
            <informationRecipient>
                <name>
                    <prefix>Dr.med.</prefix>
                    <given>Kai</given>
                    <family>Heitmann</family>
                </name>
            </informationRecipient>
            <receivedOrganization>
                <name>Gemeinschaftspraxis Dr. Heitmann</name>
                <telecom use="WP" value="fax:02473.54637.2938"/>
                <addr>
                    <streetAddressLine>Mühlenweg 1a</streetAddressLine>
                    <postalCode>52152</postalCode>
                    <city>Simmerath</city>
                </addr>
            </receivedOrganization>
        </intendedRecipient>
    </informationRecipient>
    <legalAuthenticator>
        <time value="20151104"/>
        <signatureCode code="S"/>
        <assignedEntity>
            <id extension="KP00017" root="2.16.840.1.113883.3.67.933"/>
            <assignedPerson>
                <name>
                    <prefix qualifier="AC">Dr. med.</prefix>
                    <given>Theo</given>
                    <family>Phyllin</family>
                </name>
            </assignedPerson>
            <representedOrganization>
                <name>Praxis Dr. med. Phyllin</name>
                <telecom use="WP" value="tel:0214.2127070"/>
                <addr>
                    <streetName>Krankenhausstraße</streetName>
                    <houseNumber>240</houseNumber>
                    <postalCode>51371</postalCode>
                    <city>Leverkusen</city>
                </addr>
            </representedOrganization>
        </assignedEntity>
    </legalAuthenticator>
    <component>
        <structuredBody>
            <component>
                <section>
                    <templateId root="1.2.276.0.76.10.3022"/>
                    <code code="10164-2" codeSystem="2.16.840.1.113883.6.1"/>
                    <title>Jetzige Anamnese</title>
                    <text>Sei Jahren wiederholt <content styleCode="Bold">chronische Bronchitiden</content> besonders bei kalter Luft.
                        Bei Anstrengung expiratorische Atemnot. Kontakt mit Haustieren.</text>
                </section>
            </component>
            <component>
                <section>
                    <templateId root="1.2.276.0.76.10.3025"/>
                    <code code="11493-4" codeSystem="2.16.840.1.113883.6.1"/>
                    <title>Erhobene Befunde</title>
                    <text>
                        <paragraph>Körperliche Untersuchung</paragraph>
                        <list>
                            <item>Pulmo: Basal diskrete RGs</item>
                            <item>Cor: oB</item>
                            <item>Abdomen: weich, Peristaltik: +++</item>
                            <item>Muskulatur: atrophisch</item>
                            <item>Mundhöhle: Soor, Haarleukoplakie</item>
                            <item>Haut blass, seborrhoisches Ekzem, Schleimhäute blass, Hauttrurgor herabgesetzt</item>
                            <item>Neuro: herabgesetztes Vibrationsempfinden der Beine, distal betont, Parästesien der Beine, PSR, AST oB und seitengleich.</item>
                        </list>
                        <paragraph>Pricktest</paragraph>
                        <list>
                            <item>Birke +++</item>
                            <item>Haselstrauch ++</item>
                            <item>Erle ++</item>
                            <item>
                                <content styleCode="Italics">Keine Reaktion auf weitere Pollen, Katzen-/Hundehaare, Schimmelpilze</content>
                            </item>
                        </list>
                        <paragraph>Laborwerte</paragraph>
                        <table>
                            <thead>
                                <tr>
                                    <th>Bezeichnung</th>
                                    <th>Test (LOINC Code)</th>
                                    <th>Wert</th>
                                    <th>Einheit</th>
                                    <th>Normwert</th>
                                </tr>
                            </thead>
                            <tbody>
                                <tr>
                                    <td>Hämoglobin</td>
                                    <td>HB (718-7)</td>
                                    <td>8.7</td>
                                    <td>mmol/l</td>
                                    <td>8.7 - 11.2</td>
                                </tr>
                                <tr>
                                    <td>Thrombozyten</td>
                                    <td>THRO (777-3)</td>
                                    <td>196</td>
                                    <td>10*9/l</td>
                                    <td>143 - 400</td>
                                </tr>
                                <tr>
                                    <td>Leukozyten</td>
                                    <td>LEUKO (6690-2)</td>
                                    <td>7.98</td>
                                    <td>10*9/l</td>
                                    <td>3 - 9.6</td>
                                </tr>
                            </tbody>
                        </table>
                    </text>
                </section>
            </component>
            <component>
                <section>
                    <templateId root="1.2.276.0.76.10.3027"/>
                    <code code="11535-2" codeSystem="2.16.840.1.113883.6.1"/>
                    <title>Entlassungsdiagnosen</title>
                    <text>
                        <table>
                            <thead>
                                <tr>
                                    <th>Diagnose</th>
                                    <th>ICD Code</th>
                                    <th>Lokalisation</th>
                                    <th>Zusatz</th>
                                </tr>
                            </thead>
                            <tbody>
                                <tr>
                                    <td>
                                        <content ID="diag-1">Allergisches Asthma</content>
                                    </td>
                                    <td>J45.0</td>
                                    <td>--</td>
                                    <td>G</td>
                                </tr>
                                <tr>
                                    <td>
                                        <content ID="diag-2" styleCode="Italics">Ausschluss Lungenemphysem</content>
                                    </td>
                                    <td>J43.9</td>
                                    <td>--</td>
                                    <td>A</td>
                                </tr>
                                <tr>
                                    <td>
                                        <content ID="diag-3">V.a. Allergische Rhinopathie durch Pollen</content>
                                    </td>
                                    <td>J31.1</td>
                                    <td>--</td>
                                    <td>V</td>
                                </tr>
                            </tbody>
                        </table>
                    </text>
                </section>
            </component>
        </structuredBody>
    </component>
</ClinicalDocument>
